"","Hour","Hour.circ","WD_60_mean","WS_60_mean","Tair_mean","RH_mean"
"1",1,0.261799387799149,4.8762783160672,8.91153333333333,22.8083333333333,80.1066666666667
"2",2,0.523598775598299,4.82065026963078,9.59608333333333,21.9583333333333,83.8
"3",3,0.785398163397448,4.99088456388793,10.373,21.45,87.1
"4",4,1.0471975511966,4.88412166461398,9.53076666666667,21.2766666666667,85.5166666666667
"5",5,1.30899693899575,5.00079429765262,8.98931666666667,21.1683333333333,83.0166666666667
"6",6,1.5707963267949,4.78057218566481,8.58998333333333,20.5333333333333,89.8166666666667
"7",7,1.83259571459405,4.6627391554596,11.0026,20.58,92.4666666666667
"8",8,2.0943951023932,4.64851234320372,13.1517333333333,20.94,86.5833333333333
"9",9,2.35619449019234,4.57665661976735,12.0366833333333,21.0116666666667,84.3666666666667
"10",10,2.61799387799149,4.57113530183604,12.9639833333333,21.3916666666667,78.575
"11",11,2.87979326579064,4.62525166464031,12.47545,22.275,69.165
"12",12,3.14159265358979,4.43819745183266,13.8840166666667,21.7983333333333,70.8583333333333
"13",13,3.40339204138894,4.38727538028722,13.8809,21.6183333333333,72.68
"14",14,3.66519142918809,4.37913662589517,13.8757166666667,20.855,82.2083333333333
"15",15,3.92699081698724,4.39512241848601,12.55115,20.355,86.8333333333333
"16",16,4.18879020478639,4.33756956924628,13.1112833333333,20.07,86.1
"17",17,4.45058959258554,4.35065919979666,11.89255,19.9466666666667,84.3666666666667
"18",18,4.71238898038469,4.3550043671498,10.5088666666667,19.8333333333333,80.6783333333333
"19",19,4.97418836818384,4.42161696749245,10.6406,19.9066666666667,77.445
"20",20,5.23598775598299,4.48270345943346,10.07945,19.6666666666667,78.3166666666667
"21",21,5.49778714378214,4.49724217985349,9.28698333333333,19.705,77.18
"22",22,5.75958653158129,4.46657668363804,8.42818333333333,19.1433333333333,87.115
"23",23,6.02138591938044,5.20828374712027,6.89825,18.4816666666667,92.75
"24",24,6.28318530717959,4.97747577978662,8.00081666666667,18.7383333333333,87.8666666666667
"25",1,0.261799387799149,4.52890146589715,9.46851666666667,18.47,93.4
"26",2,0.523598775598299,3.4346361048592,9.80563333333333,17.9616666666667,94.8833333333333
"27",3,0.785398163397448,3.2897696998117,9.38658333333333,16.8183333333333,95.4333333333333
"28",4,1.0471975511966,3.0048223563435,6.90655,16.9683333333333,91.7
"29",5,1.30899693899575,2.69537277566163,3.4702,16.93,88.0333333333333
"30",6,1.5707963267949,2.98819763951607,4.3532,17.0233333333333,80.33
"31",7,1.83259571459405,2.82506084983464,3.6157,16.1333333333333,83.245
"32",8,2.0943951023932,2.57645069797177,1.60348333333333,16.9816666666667,75.1216666666667
"33",9,2.35619449019234,2.90524699663273,3.43998333333333,17.5166666666667,66.255
"34",10,2.61799387799149,2.5174217530282,4.19281666666667,17.555,62.5283333333333
"35",11,2.87979326579064,2.34304549298347,5.18505,17.4383333333333,62.375
"36",12,3.14159265358979,2.65094033992164,5.52993333333333,17.5333333333333,60.2233333333333
"37",13,3.40339204138894,2.51859422641889,5.5205,17.875,56.5583333333333
"38",14,3.66519142918809,2.48243016826321,6.57878333333333,18.1383333333333,56.365
"39",15,3.92699081698724,2.17363221997981,7.59113333333333,18.15,58.1216666666667
"40",16,4.18879020478639,2.20883257285587,8.19375,17.905,59.8033333333333
"41",17,4.45058959258554,2.15966868524416,9.49546666666667,17.1183333333333,68.1583333333333
"42",18,4.71238898038469,1.89953524430236,8.49661666666667,16.4816666666667,68.985
"43",19,4.97418836818384,1.65934246045936,7.17416666666667,16.8283333333333,65.1383333333333
"44",20,5.23598775598299,1.64385461265806,6.2614,16.8716666666667,66.24
"45",21,5.49778714378214,1.89989994376219,7.74773333333333,16.4283333333333,70.5366666666667
"46",22,5.75958653158129,1.2964948650397,6.94181666666667,16.22,72.7633333333333
"47",23,6.02138591938044,1.15349603164524,8.3016,15.8566666666667,77.2716666666667
"48",24,6.28318530717959,1.3355926285655,7.8359,16.5266666666667,71.6783333333333
"49",1,0.261799387799149,1.28646448889736,8.68438333333333,16.485,73.53
"50",2,0.523598775598299,1.46215606131305,8.88143333333333,16.1933333333333,75.8733333333333
"51",3,0.785398163397448,1.50549793959128,7.60046666666667,16.3916666666667,75.785
"52",4,1.0471975511966,1.45467659677705,5.1506,16.3166666666667,76.4416666666667
"53",5,1.30899693899575,1.49469736144086,5.0865,16.3433333333333,76.4116666666667
"54",6,1.5707963267949,1.34358195403552,6.96121666666667,16.51,76.4833333333333
"55",7,1.83259571459405,1.47556078437786,8.59826666666667,15.8033333333333,91.2666666666667
"56",8,2.0943951023932,1.41160488296249,9.85955,17.2633333333333,74.0566666666667
"57",9,2.35619449019234,1.46706603060386,10.9662833333333,18.16,69.4766666666667
"58",10,2.61799387799149,1.4254786340506,9.59195,18.795,68.8416666666667
"59",11,2.87979326579064,1.46736674613686,9.29115,19.81,63.5966666666667
"60",12,3.14159265358979,1.48332579230247,9.19571666666667,20.8133333333333,59.09
"61",13,3.40339204138894,1.67479640300874,9.97261666666667,21.3466666666667,59.55
"62",14,3.66519142918809,1.82369372886259,11.7047833333333,21.07,65.635
"63",15,3.92699081698724,1.72943943126191,12.8831,20.895,68.7383333333333
"64",16,4.18879020478639,1.6997761944193,12.8810166666667,20.655,72.8
"65",17,4.45058959258554,1.73671859386624,13.1735166666667,20.3166666666667,76.1566666666667
"66",18,4.71238898038469,1.73090065114614,13.1144,19.6783333333333,80.9583333333333
"67",19,4.97418836818384,1.73090222891226,11.7141333333333,19.1016666666667,84.85
"68",20,5.23598775598299,1.66079950843302,10.8397333333333,18.8833333333333,86.7833333333333
"69",21,5.49778714378214,1.54823142228316,9.9415,18.8766666666667,87.3833333333333
"70",22,5.75958653158129,1.45368433566737,8.21241666666667,18.865,89.65
"71",23,6.02138591938044,1.36786856055272,7.09116666666667,18.7683333333333,89.95
"72",24,6.28318530717959,1.37603346245945,6.05185,19.005,87.4
"73",1,0.261799387799149,1.46792595756925,4.74866666666667,18.895,86.5333333333333
"74",2,0.523598775598299,1.66255545362511,4.07666666666667,18.835,83.7833333333333
"75",3,0.785398163397448,1.81904765870829,3.9138,18.66,84.4166666666667
"76",4,1.0471975511966,1.1929483137841,3.53585,17.9516666666667,89.55
"77",5,1.30899693899575,0.677269212434527,3.75055,17.8883333333333,90.65
"78",6,1.5707963267949,0.633814609325814,4.57411666666667,17.75,87.1833333333333
"79",7,1.83259571459405,6.01256112608037,2.46533333333333,18.4866666666667,82.35
"80",8,2.0943951023932,4.9977222496973,2.1643,19.8366666666667,76.58
"81",9,2.35619449019234,4.57628724945043,2.49873333333333,21.465,72.0266666666667
"82",10,2.61799387799149,4.16306490667655,3.38221666666667,22.14,69.895
"83",11,2.87979326579064,4.14264578991421,4.68885,21.98,70.15
"84",12,3.14159265358979,4.0403854530571,4.84006666666667,22.2016666666667,67.9383333333333
"85",13,3.40339204138894,4.1165169806895,3.93631666666667,23.0833333333333,61.7083333333333
"86",14,3.66519142918809,4.06907976367942,4.62306666666667,23.0566666666667,62.6383333333333
"87",15,3.92699081698724,4.18337601075809,4.61031666666667,22.7633333333333,65.5416666666667
"88",16,4.18879020478639,4.16530383391877,4.48978333333333,23.3,63.065
"89",17,4.45058959258554,4.26839951967099,6.15456666666667,22.175,71.6083333333333
"90",18,4.71238898038469,4.31182714830032,7.24365,21.0483333333333,82.1366666666667
"91",19,4.97418836818384,4.37274730674997,10.10435,20.3166666666667,90.3333333333333
"92",20,5.23598775598299,4.40565460529342,11.6944166666667,19.9283333333333,92.8
"93",21,5.49778714378214,4.49899348942823,13.4203666666667,19.9516666666667,87.3333333333333
"94",22,5.75958653158129,4.57171036419813,15.1235,20.0516666666667,86.25
"95",23,6.02138591938044,4.55513503809091,15.5684833333333,19.9633333333333,86.9666666666667
"96",24,6.28318530717959,4.50597440969366,13.5873666666667,19.7816666666667,89.75
"97",1,0.261799387799149,4.49259168079488,13.2171,19.5533333333333,91.6
"98",2,0.523598775598299,4.51673436454232,13.1268333333333,19.495,89.8833333333333
"99",3,0.785398163397448,4.49434121578577,11.9112,19.055,89.7333333333333
"100",4,1.0471975511966,4.51702840812143,12.0667666666667,19.1166666666667,86.4333333333333
"101",5,1.30899693899575,4.61825393410427,10.86155,19.2716666666667,84.4166666666667
"102",6,1.5707963267949,4.62053257261554,10.8169166666667,18.8666666666667,84.6
"103",7,1.83259571459405,4.71015111533256,9.69153333333333,18.7933333333333,85.8333333333333
"104",8,2.0943951023932,4.54524575198959,10.75675,19.1433333333333,80.9766666666667
"105",9,2.35619449019234,4.47892088269232,11.76185,19.6416666666667,73.4933333333333
"106",10,2.61799387799149,4.41870888830886,12.8747833333333,19.9033333333333,71.5033333333333
"107",11,2.87979326579064,4.49781226185207,13.0106833333333,20.2566666666667,66.1233333333333
"108",12,3.14159265358979,4.43441587115739,13.3954666666667,20.3116666666667,68.9833333333333
"109",13,3.40339204138894,4.46057265437848,13.7139,20.4766666666667,68.765
"110",14,3.66519142918809,4.39805874860705,14.3217333333333,19.7433333333333,78.3066666666667
"111",15,3.92699081698724,4.27994897251725,14.3092833333333,19.8766666666667,75.98
"112",16,4.18879020478639,4.24152590610758,13.55625,19.735,75.4683333333333
"113",17,4.45058959258554,4.36431378022081,12.2794166666667,19.2783333333333,80.6466666666667
"114",18,4.71238898038469,4.38932798988848,10.9662833333333,19.0966666666667,83.0833333333333
"115",19,4.97418836818384,4.41026065230045,9.12623333333333,18.9433333333333,83.3166666666667
"116",20,5.23598775598299,4.44197849198863,7.9137,18.795,83
"117",21,5.49778714378214,4.53826364069429,6.69598333333333,18.5966666666667,85.6333333333333
"118",22,5.75958653158129,4.50337015278514,5.89836666666667,18.5716666666667,86.65
"119",23,6.02138591938044,4.48997643515011,5.76766666666667,18.6066666666667,88.9
"120",24,6.28318530717959,4.47543761729817,6.43253333333333,18.5216666666667,90.1333333333333
"121",1,0.261799387799149,4.47775609893379,5.87138333333333,18.35,91.1833333333333
"122",2,0.523598775598299,4.90804055944097,4.01765,17.7933333333333,90.8333333333333
"123",3,0.785398163397448,4.69600495256095,4.41855,17.8483333333333,89.6166666666667
"124",4,1.0471975511966,5.10256230014442,4.77573333333333,17.21,89.7833333333333
"125",5,1.30899693899575,5.20701527178794,5.84026666666667,17.0566666666667,88.25
"126",6,1.5707963267949,5.24076084656074,5.66363333333333,17.025,85.8666666666667
"127",7,1.83259571459405,5.22504767317448,5.38751666666667,17.4516666666667,82.1666666666667
"128",8,2.0943951023932,5.12673985134447,4.13445,18.5116666666667,80.855
"129",9,2.35619449019234,4.76557119311229,3.91265,19.4266666666667,72.9766666666667
"130",10,2.61799387799149,4.03633078577778,5.05716666666667,19.5783333333333,72.955
"131",11,2.87979326579064,4.11212151388173,4.57558333333333,20.0483333333333,68.5716666666667
"132",12,3.14159265358979,3.99031211300154,4.13746666666667,20.6133333333333,66.6116666666667
"133",13,3.40339204138894,3.63458922379924,4.73623333333333,20.695,67.93
"134",14,3.66519142918809,3.43655097821634,4.4657,20.7733333333333,67.6916666666667
"135",15,3.92699081698724,3.16466206657247,4.57995,20.785,65.6933333333333
"136",16,4.18879020478639,2.97853275707441,4.11503333333333,20.9483333333333,63.7166666666667
"137",17,4.45058959258554,2.76462248273224,3.54051666666667,21.4166666666667,60.0866666666667
"138",18,4.71238898038469,2.19283007159973,4.58655,21.8716666666667,57.535
"139",19,4.97418836818384,2.10433135301999,5.29913333333333,20.92,67.1566666666667
"140",20,5.23598775598299,1.71664239391829,5.83611666666667,19.8966666666667,71.5416666666667
"141",21,5.49778714378214,1.74420340517879,4.64071666666667,18.41,81.6916666666667
"142",22,5.75958653158129,1.50109907692657,4.48811666666667,17.8183333333333,87.7666666666667
"143",23,6.02138591938044,1.55635887506685,4.92378333333333,17.6966666666667,89.8833333333333
"144",24,6.28318530717959,1.52611563209351,4.93083333333333,17.6783333333333,89.6
"145",1,0.261799387799149,1.28407494113423,4.41986666666667,17.2216666666667,89.5833333333333
"146",2,0.523598775598299,1.19891867629612,4.25735,16.8983333333333,86.6
"147",3,0.785398163397448,0.880380567088103,5.41223333333333,17.0683333333333,83.5
"148",4,1.0471975511966,0.645096950107419,7.03828333333333,17.5883333333333,79.4816666666667
"149",5,1.30899693899575,0.553115248938459,7.06626666666667,17.1533333333333,82.8683333333333
"150",6,1.5707963267949,0.444942884912083,7.05591666666667,17.545,79.3
"151",7,1.83259571459405,0.470436073194535,6.2835,17.3516666666667,79.9083333333333
"152",8,2.0943951023932,0.698883160686739,5.944,19.705,66.935
"153",9,2.35619449019234,0.866323711474014,4.87128333333333,22.7383333333333,53.305
"154",10,2.61799387799149,1.51054422124482,5.08526666666667,25.0416666666667,45.1233333333333
"155",11,2.87979326579064,1.93909599250693,6.87438333333333,25.5983333333333,49.2416666666667
"156",12,3.14159265358979,2.1730526222707,8.7051,24.0483333333333,64.0483333333333
"157",13,3.40339204138894,2.06317824877864,8.62938333333333,24.375,62.7616666666667
"158",14,3.66519142918809,1.6509139201919,8.36801666666667,23.1933333333333,65.79
"159",15,3.92699081698724,1.71585301127611,8.43333333333333,24.035,62.2683333333333
"160",16,4.18879020478639,1.82520233770464,8.58788333333333,23.3483333333333,66.1066666666667
"161",17,4.45058959258554,1.66515100451342,8.51531666666667,22.7283333333333,68.725
"162",18,4.71238898038469,1.6424746394746,6.6296,22.2833333333333,73.6916666666667
"163",19,4.97418836818384,1.61280857641794,5.64661666666667,21.9183333333333,78.6783333333333
"164",20,5.23598775598299,1.70208941707637,3.9524,21.3783333333333,84.3
"165",21,5.49778714378214,1.62266264849632,2.2167,20.9916666666667,86.6833333333333
"166",22,5.75958653158129,1.59682647980476,3.13548333333333,20.5816666666667,89.3
"167",23,6.02138591938044,4.72331987004788,2.28463333333333,20.27,91.2333333333333
"168",24,6.28318530717959,4.69503862097662,4.37883333333333,19.8916666666667,94.1166666666667
"169",1,0.261799387799149,4.79268482927318,5.78663333333333,19.6866666666667,93.75
"170",2,0.523598775598299,4.8725009236704,9.36998333333333,19.59,91.3333333333333
"171",3,0.785398163397448,4.84282994138747,8.6408,19.3866666666667,87.8333333333333
"172",4,1.0471975511966,4.77650305031878,6.9781,19.3066666666667,87.1833333333333
"173",5,1.30899693899575,4.67292157669545,5.92325,19.075,87.6166666666667
"174",6,1.5707963267949,4.81634696694944,5.40681666666667,18.6883333333333,88.35
"175",7,1.83259571459405,4.7064381416114,5.22468333333333,18.965,84.4
"176",8,2.0943951023932,4.59294761782389,6.92521666666667,20.1933333333333,80.33
"177",9,2.35619449019234,4.55711137996068,7.4905,20.9166666666667,78.585
"178",10,2.61799387799149,4.47858571791906,7.77783333333333,21.38,76.265
"179",11,2.87979326579064,4.31688656854333,8.05683333333333,21.59,75.7333333333333
"180",12,3.14159265358979,4.2312168261365,8.57753333333333,21.53,80.07
"181",13,3.40339204138894,4.103101855155,7.4179,21.7766666666667,79.8266666666667
"182",14,3.66519142918809,4.2761554464882,7.46148333333333,21.99,78.935
"183",15,3.92699081698724,4.32168889112531,7.34321666666667,21.8833333333333,82.21
"184",16,4.18879020478639,4.32874183520038,6.84326666666667,22.05,77.39
"185",17,4.45058959258554,4.31864419394929,7.51436666666667,21.9016666666667,76.7966666666667
"186",18,4.71238898038469,4.40038500627471,6.6431,21.355,87.5666666666667
"187",19,4.97418836818384,3.81013390007609,6.05188333333333,20.6566666666667,92.25
"188",20,5.23598775598299,4.04762172414057,5.33886666666667,20.2716666666667,91.8166666666667
"189",21,5.49778714378214,4.76458434236204,5.28193333333333,19.1283333333333,93.2333333333333
"190",22,5.75958653158129,5.39881933830694,5.65178333333333,18.7383333333333,94.8166666666667
"191",23,6.02138591938044,4.84875793906272,7.27371666666667,18.1266666666667,96.0833333333333
"192",24,6.28318530717959,5.06011230752027,6.4958,17.4916666666667,98.7166666666667
"193",1,0.261799387799149,5.02200146128642,5.85168333333333,17.2683333333333,99.1833333333333
"194",2,0.523598775598299,4.98511321490078,5.2809,17.0516666666667,99.3666666666667
"195",3,0.785398163397448,5.00950574589687,5.17881666666667,16.935,99.4333333333333
"196",4,1.0471975511966,5.03804787586218,4.0245,17.0166666666667,99.1
"197",5,1.30899693899575,4.97024400787392,3.74143333333333,17.1616666666667,97.8833333333333
"198",6,1.5707963267949,5.01705685996957,2.91571666666667,17.4566666666667,95.2666666666667
"199",7,1.83259571459405,5.21406232138185,2.31243333333333,17.305,97.55
"200",8,2.0943951023932,4.98739253758163,2.04566666666667,17.74,97.6333333333333
"201",9,2.35619449019234,3.2465128184431,2.35578333333333,17.9366666666667,98.55
"202",10,2.61799387799149,4.05465520576868,1.40423333333333,18.0083333333333,99.3666666666667
"203",11,2.87979326579064,1.65442885527542,1.9192,18.8333333333333,98.7666666666667
"204",12,3.14159265358979,2.3699865160486,3.4201,19.9166666666667,95.4
"205",13,3.40339204138894,2.79719715615114,4.04463333333333,20.11,92.8666666666667
"206",14,3.66519142918809,3.22781649940084,3.32965,19.5916666666667,96.5333333333333
"207",15,3.92699081698724,3.15643676109026,2.53958333333333,19.9316666666667,96.2833333333333
"208",16,4.18879020478639,3.37232900395318,2.131,20.055,95.4166666666667
"209",17,4.45058959258554,2.85691312435985,1.93238333333333,20.1166666666667,95.4666666666667
"210",18,4.71238898038469,3.45491962321121,3.64206666666667,20.02,96.2666666666667
"211",19,4.97418836818384,4.0566736048999,2.29645,19.6833333333333,97.65
"212",20,5.23598775598299,4.64165700793983,3.55616666666667,19.5916666666667,99.0166666666667
"213",21,5.49778714378214,5.01035268187567,5.04803333333333,19.4483333333333,99.4666666666667
"214",22,5.75958653158129,4.69245781358465,4.76705,19.4566666666667,98.8166666666667
"215",23,6.02138591938044,4.91056488927915,5.26005,19.3783333333333,98.75
"216",24,6.28318530717959,4.69803982351307,3.99378333333333,19.4133333333333,98.1833333333333
"217",1,0.261799387799149,4.626006946617,4.59828333333333,19.61,97.7
"218",2,0.523598775598299,4.4315070496231,6.10216666666667,19.6616666666667,97.55
"219",3,0.785398163397448,4.36838976133965,7.06315,19.6416666666667,96.6333333333333
"220",4,1.0471975511966,4.56797620497865,6.87128333333333,19.6233333333333,94.95
"221",5,1.30899693899575,4.71174260716031,6.42735,19.46,96.0833333333333
"222",6,1.5707963267949,4.93492531265728,6.083,19.135,94.0333333333333
"223",7,1.83259571459405,4.8687935260168,5.36488333333333,19.2266666666667,93.15
"224",8,2.0943951023932,4.58508586268902,6.5371,20.02,89.9666666666667
"225",9,2.35619449019234,4.45049336179901,7.18243333333333,19.9,92.0166666666667
"226",10,2.61799387799149,4.22059834257115,7.40336666666667,20.015,87.6
"227",11,2.87979326579064,4.0241183850983,8.228,19.3783333333333,89.7666666666667
"228",12,3.14159265358979,4.43850824095401,9.4011,17.8133333333333,91.7
"229",13,3.40339204138894,4.61389879016823,8.39291666666667,19.295,78.3
"230",14,3.66519142918809,4.46525494285828,9.12311666666667,19.8,76.4833333333333
"231",15,3.92699081698724,4.4765932577124,8.01326666666667,19.775,78.285
"232",16,4.18879020478639,4.35422332210935,9.04843333333333,19.595,79.3233333333333
"233",17,4.45058959258554,4.43499557133689,9.63965,19.6433333333333,75.7216666666667
"234",18,4.71238898038469,4.38988642636676,9.18533333333333,19.5766666666667,77.3166666666667
"235",19,4.97418836818384,4.4564234175946,7.71041666666667,19.5233333333333,77.99
"236",20,5.23598775598299,4.63454614531916,6.40763333333333,19.4683333333333,78.3466666666667
"237",21,5.49778714378214,4.85775763035829,5.40328333333333,19.3533333333333,79.9633333333333
"238",22,5.75958653158129,5.05254880473242,5.21441666666667,19.01,82.1166666666667
"239",23,6.02138591938044,5.26373546911739,4.9415,18.91,80.03
"240",24,6.28318530717959,4.97527835586315,5.08463333333333,19.26,76.4083333333333
"241",1,0.261799387799149,5.06228298850332,4.2837,18.9716666666667,77.3583333333333
"242",2,0.523598775598299,5.09236810938251,3.31523333333333,18.705,78.4316666666667
"243",3,0.785398163397448,5.30184579321457,4.10323333333333,19.1783333333333,71.8983333333333
"244",4,1.0471975511966,5.38304830476272,3.60491666666667,19.1066666666667,70.28
"245",5,1.30899693899575,5.77743099778926,2.79701666666667,19.5533333333333,65.1966666666667
"246",6,1.5707963267949,0.202735274716498,3.27001666666667,19.4533333333333,64.9666666666667
"247",7,1.83259571459405,0.558624560146407,2.58345,18.8366666666667,70.9916666666667
"248",8,2.0943951023932,0.744604293718864,3.69598333333333,19.95,66.07
"249",9,2.35619449019234,0.867816938808901,3.99495,21.6266666666667,57.9
"250",10,2.61799387799149,0.89687200339942,5.80811666666667,23.705,48.2716666666667
"251",11,2.87979326579064,0.596056607950174,5.83071666666667,25.51,43.8433333333333
"252",12,3.14159265358979,0.297207233696397,3.80626666666667,27.3683333333333,40.7533333333333
"253",13,3.40339204138894,2.23722879648143,5.68126666666667,27.195,46.84
"254",14,3.66519142918809,2.26386331882172,5.8776,25.725,53.5883333333333
"255",15,3.92699081698724,2.38595742035775,4.34521666666667,26.6166666666667,47.745
"256",16,4.18879020478639,3.56929293876316,5.96401666666667,26.0966666666667,40.4166666666667
"257",17,4.45058959258554,3.96776669771029,5.29295,25.07,43.2166666666667
"258",18,4.71238898038469,4.26535195894519,4.46591666666667,23.7933333333333,50.585
"259",19,4.97418836818384,4.21004671323187,4.668,21.125,80.5483333333333
"260",20,5.23598775598299,4.66780560851992,3.11483333333333,20.5383333333333,86.9
"261",21,5.49778714378214,5.61463093618833,3.20008333333333,20.7483333333333,82.6183333333333
"262",22,5.75958653158129,4.67114663228011,4.5098,22.11,68.4083333333333
"263",23,6.02138591938044,4.09144740481559,17.2363333333333,18.8233333333333,80.2583333333333
"264",24,6.28318530717959,4.16824998954723,15.2417666666667,15.4733333333333,91.7166666666667
"265",1,0.261799387799149,4.40248310150115,16.0580666666667,15.285,84.6133333333333
"266",2,0.523598775598299,4.59123068706948,13.6589333333333,16.025,77.845
"267",3,0.785398163397448,4.77867991816628,11.6456666666667,15.7966666666667,82.6
"268",4,1.0471975511966,5.00048437390752,9.71435,14.6883333333333,93.2
"269",5,1.30899693899575,5.15524724733052,7.50816666666667,14.685,90.9
"270",6,1.5707963267949,4.95889581656121,6.94493333333333,15.285,84.235
"271",7,1.83259571459405,5.14026912869263,6.52481666666667,15.8283333333333,78.33
"272",8,2.0943951023932,4.82233448444431,6.8246,16.4716666666667,74.9866666666667
"273",9,2.35619449019234,4.49811102981063,7.70316666666667,17.5583333333333,71.0083333333333
"274",10,2.61799387799149,4.54951324017389,7.37018333333333,18.0633333333333,69.725
"275",11,2.87979326579064,4.41115459176566,7.81518333333333,18.2033333333333,68.91
"276",12,3.14159265358979,4.32649287083818,8.55058333333333,18.25,69.2316666666667
"277",13,3.40339204138894,4.26947188444669,8.71238333333333,18.2616666666667,70.065
"278",14,3.66519142918809,4.35034465517904,8.72793333333333,18.6333333333333,67.875
"279",15,3.92699081698724,4.24067588957028,9.05675,18.5566666666667,71.105
"280",16,4.18879020478639,4.37361905338858,9.04945,18.325,72.345
"281",17,4.45058959258554,4.35500617562192,8.86276666666667,18.4066666666667,68.7216666666667
"282",18,4.71238898038469,4.32707847036599,7.13265,18.3266666666667,69.0983333333333
"283",19,4.97418836818384,4.27617199491109,6.5902,18.23,70.6833333333333
"284",20,5.23598775598299,4.3464328911953,5.77005,18.1566666666667,71.0416666666667
"285",21,5.49778714378214,4.79899401614114,3.31275,18.1683333333333,71.9783333333333
"286",22,5.75958653158129,5.01192932591674,2.24873333333333,18.17,72.8916666666667
"287",23,6.02138591938044,5.46789260744252,1.44415,18.1066666666667,73.5916666666667
"288",24,6.28318530717959,5.90328059625818,1.71218333333333,18.0716666666667,73.6433333333333
"289",1,0.261799387799149,0.958469731158153,1.2419,17.7783333333333,75.2066666666667
"290",2,0.523598775598299,2.12546616272531,0.895566666666667,17.5466666666667,76.425
"291",3,0.785398163397448,5.0002003820522,2.65658333333333,17.1183333333333,78.6233333333333
"292",4,1.0471975511966,5.1500051592293,4.93105,17.24,77.0116666666667
"293",5,1.30899693899575,5.23147391497598,4.2388,17.025,81.5283333333333
"294",6,1.5707963267949,5.41978988701629,5.3146,17.5433333333333,79.89
"295",7,1.83259571459405,5.93878939929122,3.4368,18.1433333333333,78.1533333333333
"296",8,2.0943951023932,5.23818923590912,2.41876666666667,19.4466666666667,70.495
"297",9,2.35619449019234,4.53100205716671,4.25353333333333,20.72,60.8666666666667
"298",10,2.61799387799149,4.43992413217205,6.55285,21.5383333333333,53.7416666666667
"299",11,2.87979326579064,4.37857600812775,8.27155,21.325,53.89
"300",12,3.14159265358979,4.4873801502037,9.44983333333333,20.775,56.9833333333333
"301",13,3.40339204138894,4.34975466627962,10.9030333333333,20.3616666666667,63.96
"302",14,3.66519142918809,4.42253468414659,11.5626833333333,20.2416666666667,66.3666666666667
"303",15,3.92699081698724,4.45041536984069,12.5128,20.4216666666667,63.8883333333333
"304",16,4.18879020478639,4.53419453471308,11.8551833333333,20.8666666666667,60.235
"305",17,4.45058959258554,4.51936915542478,11.9412833333333,21.4016666666667,54.895
"306",18,4.71238898038469,4.31017264749945,10.97975,21.0066666666667,62.5483333333333
"307",19,4.97418836818384,4.19181250604211,9.56081666666667,20.065,73.3983333333333
"308",20,5.23598775598299,4.31517040799899,9.00383333333333,19.0066666666667,80.5266666666667
"309",21,5.49778714378214,4.47485570272029,8.37318333333333,18.74,81.3333333333333
"310",22,5.75958653158129,4.54844140664885,7.54443333333333,18.7583333333333,80.9016666666667
"311",23,6.02138591938044,4.51935534268921,6.59435,18.8416666666667,79.1133333333333
"312",24,6.28318530717959,4.72843351869131,4.2889,18.4566666666667,80.1016666666667
"313",1,0.261799387799149,4.75246381930222,3.2167,18.355,80.8116666666667
"314",2,0.523598775598299,4.28238594583517,4.28318333333333,18.5666666666667,78.145
"315",3,0.785398163397448,5.03576027239874,4.28588333333333,18.24,80.48
"316",4,1.0471975511966,5.31207197126306,4.49755,18.055,77.8816666666667
"317",5,1.30899693899575,5.37895949515234,3.9242,18.2216666666667,75.06
"318",6,1.5707963267949,5.7553396278765,2.32706666666667,18.4216666666667,72.7433333333333
"319",7,1.83259571459405,5.73338884158519,1.93995,18.7983333333333,70.1883333333333
"320",8,2.0943951023932,5.23453815682295,1.29345,19.665,67.7516666666667
"321",9,2.35619449019234,4.01847440040848,1.43638333333333,20.54,62.015
"322",10,2.61799387799149,2.26279493791377,2.03091666666667,21.8616666666667,57.915
"323",11,2.87979326579064,3.13021590636532,3.7693,21.05,65.98
"324",12,3.14159265358979,3.05789346821787,4.8993,20.98,66.365
"325",13,3.40339204138894,3.12951669870803,4.3974,21.235,64.435
"326",14,3.66519142918809,3.34960382274967,5.21275,21.175,64.845
"327",15,3.92699081698724,3.5384813154713,5.53535,20.745,68.7016666666667
"328",16,4.18879020478639,3.59151172037736,5.31428333333333,20.5866666666667,70.67
"329",17,4.45058959258554,3.58680041825992,4.57091666666667,20.6966666666667,67.9183333333333
"330",18,4.71238898038469,3.51462357956887,4.4928,20.2466666666667,72.1366666666667
"331",19,4.97418836818384,3.32270189589623,3.33421666666667,19.95,75.9366666666667
"332",20,5.23598775598299,3.15904545948254,2.30973333333333,19.5716666666667,79.01
"333",21,5.49778714378214,3.21378604760124,1.43118333333333,19.335,81.2666666666667
"334",22,5.75958653158129,3.55564290847241,0.633683333333333,19.1916666666667,81.95
"335",23,6.02138591938044,4.24056800058405,1.02958333333333,19.2083333333333,81.3166666666667
"336",24,6.28318530717959,0.162851387482484,1.68926666666667,19.175,80.9283333333333
"337",1,0.261799387799149,0.184323507183254,2.3116,19.2583333333333,78.3166666666667
"338",2,0.523598775598299,0.237567775499742,3.83675,19.8833333333333,71.7116666666667
"339",3,0.785398163397448,5.00165716480927,1.98758333333333,18.6933333333333,79.065
"340",4,1.0471975511966,5.14756829395205,1.80046666666667,18.4616666666667,81.2166666666667
"341",5,1.30899693899575,4.99188170572605,3.6408,18.105,84.2333333333333
"342",6,1.5707963267949,5.17730919370747,3.95821666666667,18.335,84.6666666666667
"343",7,1.83259571459405,4.96391675667846,4.64578333333333,18.5783333333333,84.7833333333333
"344",8,2.0943951023932,4.57991327096193,3.18525,18.9683333333333,87.25
"345",9,2.35619449019234,3.92863029147034,5.16783333333333,19.5733333333333,79.9866666666667
"346",10,2.61799387799149,3.93722958505716,5.20643333333333,19.62,79.2516666666667
"347",11,2.87979326579064,4.18137124304803,5.74588333333333,19.965,76.1316666666667
"348",12,3.14159265358979,4.14119852335915,7.1337,20.4533333333333,74.5083333333333
"349",13,3.40339204138894,3.93088606023783,7.4708,20.0016666666667,76.625
"350",14,3.66519142918809,4.00940273744241,6.56738333333333,20.0816666666667,77.0216666666667
"351",15,3.92699081698724,3.95938419620332,6.88996666666667,20.3383333333333,71.925
"352",16,4.18879020478639,4.01348576954056,7.09946666666667,20.14,74.0083333333333
"353",17,4.45058959258554,3.93631472742048,6.44601666666667,19.9666666666667,74.2883333333333
"354",18,4.71238898038469,4.04842486909208,4.51781666666667,20.1516666666667,70.0733333333333
"355",19,4.97418836818384,3.99560341922103,3.3868,20.285,71.1816666666667
"356",20,5.23598775598299,4.3809155515549,2.63533333333333,20.2083333333333,72.7366666666667
"357",21,5.49778714378214,4.78488604801129,2.81963333333333,19.5883333333333,76.6516666666667
"358",22,5.75958653158129,5.29790051489726,3.08963333333333,19.2466666666667,77.07
"359",23,6.02138591938044,1.70532980548822,1.18723333333333,17.8716666666667,88.6833333333333
"360",24,6.28318530717959,1.65831946454182,3.43688333333333,17.4583333333333,96.9
"361",1,0.261799387799149,1.81229433844962,4.62483333333333,17.5833333333333,98.45
"362",2,0.523598775598299,1.70402855865042,5.95988333333333,17.6083333333333,98.85
"363",3,0.785398163397448,1.79870758813663,5.39935,17.5133333333333,98.7333333333333
"364",4,1.0471975511966,1.9449979216508,6.51448333333333,17.565,99.25
"365",5,1.30899693899575,1.95517716487541,8.59931666666667,17.5816666666667,98.7333333333333
"366",6,1.5707963267949,1.94761238801399,7.98008333333333,17.5766666666667,98.5833333333333
"367",7,1.83259571459405,1.79111544264724,9.10133333333333,17.7,98.5333333333333
"368",8,2.0943951023932,1.8245619184805,9.51933333333333,17.8283333333333,98.5
"369",9,2.35619449019234,1.80508818622344,9.37411666666667,17.9883333333333,98.8666666666667
"370",10,2.61799387799149,1.80333565404818,10.72045,18.3433333333333,97
"371",11,2.87979326579064,1.79810649754406,10.3989166666667,18.325,97.6333333333333
"372",12,3.14159265358979,1.79082536091936,11.17475,18.5566666666667,97.2333333333333
"373",13,3.40339204138894,1.77046063709214,10.9548666666667,18.68,97.5833333333333
"374",14,3.66519142918809,1.77540645406278,11.6021,18.725,97.4833333333333
"375",15,3.92699081698724,1.71228425378537,11.77015,19.0233333333333,95.8333333333333
"376",16,4.18879020478639,1.74137278112375,11.2639666666667,19.54,92.8666666666667
"377",17,4.45058959258554,1.65847923626435,10.6789666666667,19.95,89.6666666666667
"378",18,4.71238898038469,1.57382150824314,11.4548333333333,20.0116666666667,86.8
"379",19,4.97418836818384,1.58633016834628,11.2234833333333,20.205,86.5
"380",20,5.23598775598299,1.65090699263184,11.8178333333333,20.0666666666667,89.4
"381",21,5.49778714378214,1.57905924099458,12.6797833333333,19.3466666666667,95.65
"382",22,5.75958653158129,1.57323931276936,13.2617,19.1083333333333,98.35
"383",23,6.02138591938044,1.56393189300694,13.8000166666667,18.8766666666667,100
"384",24,6.28318530717959,1.53309723887787,13.6952166666667,18.8133333333333,100
"385",1,0.261799387799149,1.57265800696544,13.3145666666667,18.7316666666667,99.8833333333333
"386",2,0.523598775598299,1.52931535506393,12.41215,18.7033333333333,99.9333333333333
"387",3,0.785398163397448,1.51826163491374,12.5864333333333,19.0183333333333,98.3333333333333
"388",4,1.0471975511966,1.56916874852461,11.5232666666667,19.305,97.4333333333333
"389",5,1.30899693899575,1.63665339590457,10.6053166666667,19.455,98.95
"390",6,1.5707963267949,1.54241604805439,10.5939,19.6166666666667,99.75
"391",7,1.83259571459405,1.41092242582315,10.0794333333333,19.8133333333333,99
"392",8,2.0943951023932,1.44437659964805,7.15963333333333,20.18,97.5
"393",9,2.35619449019234,1.52408463393332,6.3537,20.9383333333333,92.9333333333333
"394",10,2.61799387799149,1.63314302095238,5.52786666666667,22.2516666666667,86.6166666666667
"395",11,2.87979326579064,1.82783877840747,5.61186666666667,23.425,79.9966666666667
"396",12,3.14159265358979,2.03545375801153,5.94501666666667,24.5266666666667,75.955
"397",13,3.40339204138894,2.22714397198572,6.19086666666667,24.98,74.7866666666667
"398",14,3.66519142918809,2.02732832651819,6.1421,25.5766666666667,72.5016666666667
"399",15,3.92699081698724,1.81356873117032,6.31636666666667,25.6583333333333,70.31
"400",16,4.18879020478639,1.80975231454507,7.71143333333333,25.3633333333333,71.285
"401",17,4.45058959258554,1.72188357500246,7.61601666666667,25,73.15
"402",18,4.71238898038469,1.65293946684566,6.91071666666667,24.565,77.065
"403",19,4.97418836818384,1.75155815762247,5.29851666666667,24.1283333333333,81.5966666666667
"404",20,5.23598775598299,1.76464520240578,4.14398333333333,22.5166666666667,89.7833333333333
"405",21,5.49778714378214,1.38192982827899,2.5705,21.63,93.1833333333333
"406",22,5.75958653158129,0.34035007420646,2.53585,22.0316666666667,89.8833333333333
"407",23,6.02138591938044,5.01917347865645,3.59298333333333,22.5733333333333,83.835
"408",24,6.28318530717959,4.87914912151568,5.11421666666667,21.4983333333333,90.3833333333333
"409",1,0.261799387799149,4.83347277907735,8.16781666666667,21.2216666666667,88.1333333333333
"410",2,0.523598775598299,4.75031315238444,10.7048833333333,20.25,96.5666666666667
"411",3,0.785398163397448,4.81024695771242,9.86368333333333,20.0966666666667,96.2
"412",4,1.0471975511966,4.7584654492809,9.4343,19.9966666666667,96.7333333333333
"413",5,1.30899693899575,4.76922855478148,9.10341666666667,19.7216666666667,96.0333333333333
"414",6,1.5707963267949,4.76983343007147,10.0151166666667,19.5983333333333,94.6833333333333
"415",7,1.83259571459405,4.75032073359391,11.6384333333333,20.13,90.0333333333333
"416",8,2.0943951023932,4.70697845793394,13.7284,20.2516666666667,84.8666666666667
"417",9,2.35619449019234,4.70930527597427,12.7990666666667,20.3483333333333,83.9333333333333
"418",10,2.61799387799149,4.67847500474505,12.4692333333333,20.5533333333333,82.0333333333333
"419",11,2.87979326579064,4.57723674421005,12.4153,20.5266666666667,82.35
"420",12,3.14159265358979,4.55193946826678,12.8364166666667,20.3983333333333,81.1216666666667
"421",13,3.40339204138894,4.43992855456027,12.0989333333333,18.815,90.8
"422",14,3.66519142918809,4.42977323116044,11.15505,17.645,91.7666666666667
"423",15,3.92699081698724,4.48121024037689,10.69245,18.9633333333333,85.25
"424",16,4.18879020478639,4.6005890452684,11.17475,18.32,87.5333333333333
"425",17,4.45058959258554,4.69068804889077,10.0721833333333,18.63,85.5833333333333
"426",18,4.71238898038469,4.54870879756374,10.8615166666667,18.9633333333333,81.0883333333333
"427",19,4.97418836818384,4.28252309557058,13.8456333333333,17.8816666666667,87.75
"428",20,5.23598775598299,4.29704852181062,13.27205,17.1983333333333,82.6983333333333
"429",21,5.49778714378214,4.51529904873642,12.2783666666667,15.6866666666667,87.15
"430",22,5.75958653158129,4.66762299152065,12.2337666666667,15.345,89.0833333333333
"431",23,6.02138591938044,4.80822833495886,10.7246,15.3116666666667,91.2166666666667
"432",24,6.28318530717959,4.92919640313196,10.7225166666667,15.0266666666667,92.1833333333333
"433",1,0.261799387799149,5.09884365376414,10.55865,14.7133333333333,90.4
"434",2,0.523598775598299,4.78777563440709,13.0137666666667,15.19,81.515
"435",3,0.785398163397448,4.78517087597795,12.7161,14.335,86.8
"436",4,1.0471975511966,4.83853799507272,13.9472833333333,13.63,85.4333333333333
"437",5,1.30899693899575,5.22475421672848,12.4402,13.06,83.61
"438",6,1.5707963267949,5.15154311305942,10.7588333333333,13.34,75.915
"439",7,1.83259571459405,5.07760989661018,11.2068833333333,13.6883333333333,72.5583333333333
"440",8,2.0943951023932,5.00050831887286,9.79525,13.9333333333333,74.1716666666667
"441",9,2.35619449019234,4.99994071501975,11.0979833333333,14.0716666666667,75.7966666666667
"442",10,2.61799387799149,4.86470849379991,12.2265333333333,15.6016666666667,71.1433333333333
"443",11,2.87979326579064,4.76849737958146,13.1859666666667,16.6616666666667,64.215
"444",12,3.14159265358979,4.6633260818304,12.9681333333333,16.8033333333333,63.3883333333333
"445",13,3.40339204138894,4.61938762944856,12.91005,16.38,66.9183333333333
"446",14,3.66519142918809,4.47399039799191,13.8145333333333,17.285,63.4233333333333
"447",15,3.92699081698724,4.35178371308078,13.13825,17.7,60.3016666666667
"448",16,4.18879020478639,4.30527569914535,12.85195,17.7983333333333,53.885
"449",17,4.45058959258554,4.23398601295016,11.4226666666667,17.7216666666667,59.765
"450",18,4.71238898038469,4.20171425971239,10.1759166666667,17.4333333333333,60.74
"451",19,4.97418836818384,4.24737425513387,9.21646666666667,17.2983333333333,56.92
"452",20,5.23598775598299,4.20226324748111,7.74255,16.8833333333333,60.6983333333333
"453",21,5.49778714378214,4.27527898030838,6.91795,16.7216666666667,62.84
"454",22,5.75958653158129,4.68495640363453,4.68251666666667,16.35,63.445
"455",23,6.02138591938044,5.17672936972112,4.06876666666667,15.925,67.2516666666667
"456",24,6.28318530717959,5.29896447318804,4.8715,15.9583333333333,66.76
"457",1,0.261799387799149,5.38590976261506,5.56853333333333,16.2033333333333,65.23
"458",2,0.523598775598299,5.32869474363986,3.54965,15.225,70.3866666666667
"459",3,0.785398163397448,5.4762909316772,3.50058333333333,15.83,67.4
"460",4,1.0471975511966,5.71775538712021,2.95355,16.04,66.245
"461",5,1.30899693899575,6.14658941672214,2.94566666666667,15.9783333333333,64.6816666666667
"462",6,1.5707963267949,6.16419165201054,3.19948333333333,15.9133333333333,64.0033333333333
"463",7,1.83259571459405,0.0781739445237279,3.87451666666667,16.1116666666667,62.6783333333333
"464",8,2.0943951023932,0.34932956801277,3.80906666666667,16.285,64.6333333333333
"465",9,2.35619449019234,0.93821404770773,4.9002,17.44,59.105
"466",10,2.61799387799149,1.41844822783172,6.40038333333333,18.9916666666667,52.88
"467",11,2.87979326579064,1.41029346655425,6.41076666666667,20.33,44.7866666666667
"468",12,3.14159265358979,1.69438075014376,8.16781666666667,20.5766666666667,50.9316666666667
"469",13,3.40339204138894,1.69429046465698,9.79836666666667,19.95,60.4433333333333
"470",14,3.66519142918809,1.6977758802425,10.9590166666667,19.9533333333333,65.5433333333333
"471",15,3.92699081698724,1.65875594498011,11.85725,20.225,65.475
"472",16,4.18879020478639,1.67270350709413,12.2472666666667,19.9783333333333,69.0283333333333
"473",17,4.45058959258554,1.72770148503484,12.0014333333333,20.08,69.62
"474",18,4.71238898038469,1.68261253187466,13.5417333333333,19.9183333333333,69.2166666666667
"475",19,4.97418836818384,1.68637384369022,12.7721,19.5166666666667,69.695
"476",20,5.23598775598299,1.7095536361143,9.83673333333333,18.6366666666667,75.3183333333333
"477",21,5.49778714378214,1.27332790271427,11.75665,18.5166666666667,74.9683333333333
"478",22,5.75958653158129,1.41826473487518,9.16566666666667,18.0933333333333,79.34
"479",23,6.02138591938044,1.41177433255671,7.2789,17.78,81.7833333333333
"480",24,6.28318530717959,1.20615288357392,6.6265,17.3416666666667,80.5383333333333
"481",1,0.261799387799149,1.11653500518642,7.866,17.5016666666667,77.1583333333333
"482",2,0.523598775598299,0.583666998801414,6.35991666666667,18.11,72.105
"483",3,0.785398163397448,0.267598275315844,5.93115,19.8116666666667,61.7566666666667
"484",4,1.0471975511966,0.291786924583499,3.08175,21.045,52.7316666666667
"485",5,1.30899693899575,0.264722697132009,2.36535,20.725,51.9433333333333
"486",6,1.5707963267949,0.534376638095707,3.16243333333333,21.045,48.98
"487",7,1.83259571459405,0.0539467077838271,3.21035,23.765,37.0683333333333
"488",8,2.0943951023932,5.75989522620815,3.07811666666667,26.9033333333333,27.6733333333333
"489",9,2.35619449019234,6.23593167742002,7.5704,28.155,25.4766666666667
"490",10,2.61799387799149,6.03521148835955,5.67346666666667,30.6366666666667,22.43
"491",11,2.87979326579064,5.02207300705205,3.06755,32.9683333333333,19.9766666666667
"492",12,3.14159265358979,4.05625814426186,4.7352,30.3666666666667,37.8483333333333
"493",13,3.40339204138894,4.22612790737548,6.29148333333333,28.295,32.83
"494",14,3.66519142918809,4.43078935521327,9.6635,26.1333333333333,43.25
"495",15,3.92699081698724,4.60169634183923,10.8023833333333,27.1633333333333,27.2016666666667
"496",16,4.18879020478639,4.60808164515526,12.1124,25.4316666666667,37.1633333333333
"497",17,4.45058959258554,4.66158095645454,13.4473333333333,23.155,56.255
"498",18,4.71238898038469,4.56587580033035,11.9257333333333,21.2166666666667,80.5733333333333
"499",19,4.97418836818384,4.53506368789569,10.07635,20.1716666666667,89.9166666666667
"500",20,5.23598775598299,4.54030165660292,8.85965,19.4416666666667,92.6
"501",21,5.49778714378214,4.77025592577271,7.16583333333333,19.2483333333333,93.3666666666667
"502",22,5.75958653158129,4.87953279075664,6.43563333333333,19.1466666666667,86.4133333333333
"503",23,6.02138591938044,4.58597205106714,6.46543333333333,19.7883333333333,71.8533333333333
"504",24,6.28318530717959,4.95580510976069,5.37083333333333,18.785,81.5083333333333
"505",1,0.261799387799149,5.04586044626616,7.15546666666667,18.9266666666667,82.45
"506",2,0.523598775598299,4.84427266026454,6.03216666666667,18.4016666666667,90.2166666666667
"507",3,0.785398163397448,4.93791649037352,6.95426666666667,18.2416666666667,86.22
"508",4,1.0471975511966,5.02346325968059,8.12738333333333,18.1516666666667,55.6083333333333
"509",5,1.30899693899575,5.01706487754548,8.18856666666667,17.4883333333333,62.015
"510",6,1.5707963267949,4.92048869047657,8.87938333333333,17.5433333333333,77.415
"511",7,1.83259571459405,4.91642505401377,8.55575,17.4883333333333,81.4666666666667
"512",8,2.0943951023932,4.94288752528276,7.8411,18.2466666666667,80.0533333333333
"513",9,2.35619449019234,4.84777994256814,7.6824,20.1666666666667,68.9633333333333
"514",10,2.61799387799149,4.61476574308463,8.68538333333333,21.1266666666667,65.3566666666667
"515",11,2.87979326579064,4.4893985482289,9.14283333333333,22.02,61.1216666666667
"516",12,3.14159265358979,4.25551661146574,9.52036666666667,21.175,66.7566666666667
"517",13,3.40339204138894,4.27615373932965,7.6938,20.88,73.0366666666667
"518",14,3.66519142918809,4.1985056665517,8.4458,20.805,76.0283333333333
"519",15,3.92699081698724,4.17407923423459,8.33275,20.2583333333333,81.9466666666667
"520",16,4.18879020478639,3.9125611433646,6.76238333333333,19.885,84.0833333333333
"521",17,4.45058959258554,3.85466051093231,5.73863333333333,19.6266666666667,83.95
"522",18,4.71238898038469,3.67383454638159,4.58696666666667,19.3283333333333,82.3
"523",19,4.97418836818384,3.49424604120782,3.26045,18.99,83.8666666666667
"524",20,5.23598775598299,3.15083700186767,3.07158333333333,18.865,83.5
"525",21,5.49778714378214,3.69150968115763,2.70566666666667,18.7516666666667,83.6833333333333
"526",22,5.75958653158129,3.82530890334129,2.1079,18.7733333333333,83.9
"527",23,6.02138591938044,4.47377204433684,1.93611666666667,18.6383333333333,86.1666666666667
"528",24,6.28318530717959,5.215736798456,3.12261666666667,18.1916666666667,90.1166666666667
"529",1,0.261799387799149,4.84759756690206,4.18558333333333,18.075,89.1333333333333
"530",2,0.523598775598299,4.86093609820254,4.83831666666667,17.8866666666667,89.5833333333333
"531",3,0.785398163397448,4.99875139691796,5.09635,17.73,90.2166666666667
"532",4,1.0471975511966,4.92891117540403,5.5291,17.6216666666667,88.95
"533",5,1.30899693899575,4.96096868584779,4.43408333333333,17.3533333333333,91.2833333333333
"534",6,1.5707963267949,4.77642523857073,5.10446666666667,17.0616666666667,94.9166666666667
"535",7,1.83259571459405,4.97705113600407,4.31948333333333,16.605,96.6
"536",8,2.0943951023932,5.12508410309457,4.87648333333333,16.8016666666667,96.5
"537",9,2.35619449019234,4.79336296986172,4.75646666666667,16.725,95
"538",10,2.61799387799149,4.79798114629148,4.87388333333333,16.6233333333333,95.3166666666667
"539",11,2.87979326579064,5.09479593346952,5.5602,18.1616666666667,83.75
"540",12,3.14159265358979,4.68010086354035,6.70841666666667,18.765,77.525
"541",13,3.40339204138894,4.39850650700846,8.4541,17.7383333333333,86.1666666666667
"542",14,3.66519142918809,4.60194828685952,9.02043333333333,16.7283333333333,93.9833333333333
"543",15,3.92699081698724,4.52292071295611,9.64586666666667,18.8433333333333,77.095
"544",16,4.18879020478639,4.3641258554746,10.21325,19.025,74.775
"545",17,4.45058959258554,4.36899083198514,10.5150833333333,19.14,72.2166666666667
"546",18,4.71238898038469,4.35558322760916,9.6656,19.1366666666667,71.32
"547",19,4.97418836818384,4.39222723014047,9.34713333333333,18.725,77.7516666666667
"548",20,5.23598775598299,4.3687353839242,8.18441666666667,18.5483333333333,79.4616666666667
"549",21,5.49778714378214,4.34832695700339,6.71881666666667,18.3916666666667,79.845
"550",22,5.75958653158129,3.9160164457122,5.31035,18.355,76.9766666666667
"551",23,6.02138591938044,4.39846337420649,5.04948333333333,18.2816666666667,79.0416666666667
"552",24,6.28318530717959,4.180312213145,6.57433333333333,17.6783333333333,76.8116666666667
"553",1,0.261799387799149,4.14673667287622,5.59548333333333,17.8566666666667,79.0133333333333
"554",2,0.523598775598299,4.93056276184088,4.86256666666667,17.1766666666667,83.6216666666667
"555",3,0.785398163397448,4.8715151381172,3.76776666666667,16.8883333333333,84.5
"556",4,1.0471975511966,4.84314292506915,3.2698,17.0833333333333,78.48
"557",5,1.30899693899575,5.24306294527397,5.55068333333333,16.6766666666667,83.8166666666667
"558",6,1.5707963267949,5.21202060308007,5.71923333333333,17.065,76.7983333333333
"559",7,1.83259571459405,4.92979233308927,5.79651666666667,17.3583333333333,76.2
"560",8,2.0943951023932,4.9850796149363,6.23751666666667,17.6033333333333,75.3016666666667
"561",9,2.35619449019234,4.70512238801336,5.69921666666667,18.05,72.9983333333333
"562",10,2.61799387799149,4.37014210403195,7.1109,18.4516666666667,69.0283333333333
"563",11,2.87979326579064,4.43674401719843,6.62546666666667,18.7633333333333,67.0933333333333
"564",12,3.14159265358979,4.38097852892332,7.17415,19.02,59.2266666666667
"565",13,3.40339204138894,4.07043340803722,6.99368333333333,19.4116666666667,55.16
"566",14,3.66519142918809,3.8703549072088,7.01235,19.255,54.74
"567",15,3.92699081698724,3.69412725787334,6.34436666666667,19.12,63.9733333333333
"568",16,4.18879020478639,3.4850902297002,6.19191666666667,19.0983333333333,65.34
"569",17,4.45058959258554,3.55363290700365,5.59985,19.06,62.5666666666667
"570",18,4.71238898038469,3.85122155585629,4.82555,18.7766666666667,61.015
"571",19,4.97418836818384,3.90325666041202,3.80688333333333,18.6383333333333,61.5116666666667
"572",20,5.23598775598299,4.11249872055563,3.17695,18.5483333333333,63.9933333333333
"573",21,5.49778714378214,4.62959352755866,2.807,18.3533333333333,66.8416666666667
"574",22,5.75958653158129,5.01532585281192,4.02853333333333,18.205,68.65
"575",23,6.02138591938044,5.03912753972129,4.00986666666667,18.1066666666667,68.3033333333333
"576",24,6.28318530717959,5.1543705983053,4.1414,18.0183333333333,67.7166666666667
"577",1,0.261799387799149,5.01704547400105,4.58015,17.875,67.6416666666667
"578",2,0.523598775598299,5.16365005980717,4.43118333333333,17.3416666666667,68.975
"579",3,0.785398163397448,5.31480335172695,3.81941666666667,17.455,67.0016666666667
"580",4,1.0471975511966,5.2797447239027,3.33483333333333,17.5,67.0916666666667
"581",5,1.30899693899575,4.89115378406921,3.33888333333333,17.0566666666667,70.7433333333333
"582",6,1.5707963267949,5.32611377579763,3.64226666666667,16.905,73.79
"583",7,1.83259571459405,5.27168535987798,2.63251666666667,16.8983333333333,75.745
"584",8,2.0943951023932,5.02475606359135,2.86621666666667,17.7233333333333,78.5016666666667
"585",9,2.35619449019234,4.26875544334204,3.16856666666667,18.43,77.025
"586",10,2.61799387799149,4.07348100766762,3.9107,18.905,70.0283333333333
"587",11,2.87979326579064,3.99456095048355,5.24543333333333,19.195,68.29
"588",12,3.14159265358979,4.05247995829976,5.86203333333333,19.3366666666667,65.8066666666667
"589",13,3.40339204138894,3.74182063123274,5.73828333333333,19.4683333333333,69.1783333333333
"590",14,3.66519142918809,3.52643930841467,5.86205,19.2733333333333,75.1966666666667
"591",15,3.92699081698724,3.20827059908613,5.26928333333333,19.675,71.7283333333333
"592",16,4.18879020478639,2.53619747466057,6.07988333333333,20.0333333333333,71.7433333333333
"593",17,4.45058959258554,2.22424892848266,7.59115,19.115,80.0766666666667
"594",18,4.71238898038469,2.2582728991669,7.75811666666667,18.465,83.75
"595",19,4.97418836818384,2.0580189854186,5.37401666666667,18.865,74.9433333333333
"596",20,5.23598775598299,2.02276113179629,6.07366666666667,18.0166666666667,85.85
"597",21,5.49778714378214,1.80127867902543,5.85271666666667,17.65,89.5333333333333
"598",22,5.75958653158129,1.71965831233426,6.17011666666667,17.5716666666667,91.65
"599",23,6.02138591938044,1.4440838203439,5.32175,17.4116666666667,91.6833333333333
"600",24,6.28318530717959,1.56764161114256,6.05943333333333,17.6833333333333,91.4333333333333
"601",1,0.261799387799149,1.31927763845869,6.60471666666667,17.5633333333333,90.85
"602",2,0.523598775598299,1.50429904644332,5.1782,17.5816666666667,92.1666666666667
"603",3,0.785398163397448,1.45948650924407,5.02398333333333,17.3566666666667,94.1333333333333
"604",4,1.0471975511966,1.28176230387274,6.0633,17.53,91.2833333333333
"605",5,1.30899693899575,1.29843031241907,4.94203333333333,17.6066666666667,89.4
"606",6,1.5707963267949,1.33909587167395,5.91908333333333,17.3783333333333,87.7833333333333
"607",7,1.83259571459405,1.306786356652,7.11295,16.8183333333333,91.85
"608",8,2.0943951023932,1.51675436502765,6.14656666666667,17.1066666666667,92.4333333333333
"609",9,2.35619449019234,1.50749667033959,8.87936666666667,17.205,92.6166666666667
"610",10,2.61799387799149,1.46734727424522,8.97791666666667,18.1116666666667,86.85
"611",11,2.87979326579064,1.58137930417907,9.5318,18.6166666666667,83.4
"612",12,3.14159265358979,1.60496445387704,10.54825,19.2433333333333,76.2583333333333
"613",13,3.40339204138894,1.56104181973956,10.4653,20.2683333333333,68.14
"614",14,3.66519142918809,1.67359714117349,10.6965833333333,20.84,66.0633333333333
"615",15,3.92699081698724,1.69716131715153,10.9808166666667,20.84,66.54
"616",16,4.18879020478639,1.72537130220767,11.46,20.6116666666667,68.8216666666667
"617",17,4.45058959258554,1.68144550176067,11.5896666666667,20.4616666666667,71.0033333333333
"618",18,4.71238898038469,1.70065302804386,11.7898333333333,20.0816666666667,73.9583333333333
"619",19,4.97418836818384,1.65032607240532,10.43935,19.6816666666667,75.9716666666667
"620",20,5.23598775598299,1.62443811201688,9.57016666666667,19.3116666666667,79.0133333333333
"621",21,5.49778714378214,1.55724904723821,9.06811666666667,18.95,82.35
"622",22,5.75958653158129,1.52175307109258,8.70925,18.88,84.7333333333333
"623",23,6.02138591938044,1.44495090887994,8.61695,18.645,89.9333333333333
"624",24,6.28318530717959,1.35682151310657,7.36813333333333,18.325,91.5833333333333
"625",1,0.261799387799149,1.35419346792221,7.18868333333333,18.1866666666667,93.1833333333333
"626",2,0.523598775598299,1.2968970235383,6.73561666666667,17.8,92.7
"627",3,0.785398163397448,0.998761160591746,5.69226666666667,17.2883333333333,93.6833333333333
"628",4,1.0471975511966,0.903319246323148,6.13671666666667,17.4166666666667,89.5833333333333
"629",5,1.30899693899575,1.12218083672925,4.2224,16.7933333333333,89.9833333333333
"630",6,1.5707963267949,0.986438358937798,3.32788333333333,16.5783333333333,90.95
"631",7,1.83259571459405,1.13737592346061,3.39156666666667,17.2633333333333,86.1166666666667
"632",8,2.0943951023932,1.40655793137951,4.14305,18.2033333333333,81.9333333333333
"633",9,2.35619449019234,1.40057223845492,4.89991666666667,19.7483333333333,74.4033333333333
"634",10,2.61799387799149,1.51628314160867,4.87471666666667,21.7466666666667,65.9
"635",11,2.87979326579064,1.62243024660673,5.78925,23.2533333333333,57.5816666666667
"636",12,3.14159265358979,1.66340732507421,6.5653,23.9216666666667,56.3016666666667
"637",13,3.40339204138894,1.76712286497787,7.11295,24.2216666666667,56.5933333333333
"638",14,3.66519142918809,1.91815528651244,8.95406666666667,24.2516666666667,57.7
"639",15,3.92699081698724,1.93045804939938,9.8803,23.765,60.4183333333333
"640",16,4.18879020478639,1.81176228198451,10.6738,23.155,66.4883333333333
"641",17,4.45058959258554,1.79461422227437,13.1579666666667,22.1933333333333,72.3166666666667
"642",18,4.71238898038469,1.76289798692611,13.82075,21.23,78.375
"643",19,4.97418836818384,1.69657528291594,12.4391333333333,20.6466666666667,81.6
"644",20,5.23598775598299,1.66836029184245,11.3075333333333,20.0066666666667,84.4333333333333
"645",21,5.49778714378214,1.55752805717776,11.3064833333333,19.71,84.9166666666667
"646",22,5.75958653158129,1.52757038677202,9.53281666666667,19.22,87.3666666666667
"647",23,6.02138591938044,1.60727363594026,7.72388333333333,18.945,89.2833333333333
"648",24,6.28318530717959,1.51681141991062,8.7995,19.2166666666667,87.9833333333333
"649",1,0.261799387799149,1.46677292657562,8.396,19.0483333333333,88.9166666666667
"650",2,0.523598775598299,1.42108770234672,7.54133333333333,18.515,92.2333333333333
"651",3,0.785398163397448,1.48420205903585,6.70223333333333,18.1483333333333,94.2833333333333
"652",4,1.0471975511966,1.65265245126924,6.39416666666667,18.1116666666667,96
"653",5,1.30899693899575,1.64942249689996,5.99276666666667,18.36,95.4833333333333
"654",6,1.5707963267949,1.5310606854852,5.94608333333333,18.64,93.5333333333333
"655",7,1.83259571459405,1.53658698089747,6.54041666666667,18.7583333333333,91.6666666666667
"656",8,2.0943951023932,1.51884908864437,8.0475,19.6116666666667,86.0333333333333
"657",9,2.35619449019234,1.45950356881677,10.5721333333333,20.96,77.5583333333333
"658",10,2.61799387799149,1.54113755528513,10.5234,21.3783333333333,76.1883333333333
"659",11,2.87979326579064,1.67533820936339,10.6105166666667,21.7333333333333,77.27
"660",12,3.14159265358979,1.72625390252127,11.25565,22.815,72.2333333333333
"661",13,3.40339204138894,1.73469245512902,11.5149833333333,23.565,67.9733333333333
"662",14,3.66519142918809,1.69599644159712,14.1733833333333,23.8866666666667,65.5416666666667
"663",15,3.92699081698724,1.69570495149423,14.6972166666667,24.105,66.2233333333333
"664",16,4.18879020478639,1.69279490531047,14.7314333333333,24.2383333333333,67.8616666666667
"665",17,4.45058959258554,1.67331180927756,15.7469,24.095,69.2866666666667
"666",18,4.71238898038469,1.60145660694092,14.831,23.5933333333333,72.8366666666667
"667",19,4.97418836818384,1.56509490041199,13.5489833333333,22.705,76.2316666666667
"668",20,5.23598775598299,1.72305819824969,9.40733333333333,21.3333333333333,82.2783333333333
"669",21,5.49778714378214,1.7018941213053,7.27788333333333,20.3633333333333,86.6666666666667
"670",22,5.75958653158129,1.49827526166304,8.11285,20.02,89.45
"671",23,6.02138591938044,1.61026532336678,5.86288333333333,19.3183333333333,93.3833333333333
"672",24,6.28318530717959,1.44840409772083,4.9303,19.0766666666667,94.9
"673",1,0.261799387799149,1.38010170120612,6.96463333333333,19.0466666666667,95.2166666666667
"674",2,0.523598775598299,1.30847261482633,7.29553333333333,19.07,95.5166666666667
"675",3,0.785398163397448,1.38886046679619,5.99275,18.6666666666667,97.5666666666667
"676",4,1.0471975511966,1.14856320374682,8.8493,21.25,81.75
"677",5,1.30899693899575,1.41279246703281,7.2592,19.6433333333333,88.455
"678",6,1.5707963267949,1.08659925355057,7.7156,19.6133333333333,88.3666666666667
"679",7,1.83259571459405,0.964107712513806,6.32851666666667,19.4266666666667,88.045
"680",8,2.0943951023932,0.971909338219257,5.03111666666667,24.0466666666667,66.4466666666667
"681",9,2.35619449019234,0.66293489087824,6.60366666666667,28.2866666666667,49.2416666666667
"682",10,2.61799387799149,4.51441970301466,6.99678333333333,24.875,64.0566666666667
"683",11,2.87979326579064,4.65285926217028,13.7273833333333,19.7366666666667,92.4333333333333
"684",12,3.14159265358979,4.6697455482967,14.2086666666667,19.1083333333333,96.65
"685",13,3.40339204138894,4.723268328697,17.37845,19.3666666666667,94.75
"686",14,3.66519142918809,4.68603379613954,16.6752,19.3966666666667,95.3666666666667
"687",15,3.92699081698724,4.63134823314284,16.07465,19.6416666666667,94
"688",16,4.18879020478639,4.67730975694556,14.6038666666667,19.8083333333333,94.1833333333333
"689",17,4.45058959258554,4.67154160509715,14.19415,20.5583333333333,89.8333333333333
"690",18,4.71238898038469,4.64879915897603,14.17235,20.6333333333333,87.9333333333333
"691",19,4.97418836818384,4.65316351878471,15.79045,20.3916666666667,87.0666666666667
"692",20,5.23598775598299,4.73695307665735,13.3135333333333,20.1316666666667,86.7166666666667
"693",21,5.49778714378214,4.86838919188141,10.9372333333333,20.3283333333333,85.2333333333333
"694",22,5.75958653158129,5.00810338659303,8.8047,20.6883333333333,82.4883333333333
"695",23,6.02138591938044,4.80940065553479,9.3513,21.2166666666667,78.0183333333333
"696",24,6.28318530717959,4.98015548530703,7.36706666666667,21.17,78.0266666666667
"697",1,0.261799387799149,4.79830316300049,7.05903333333333,20.7516666666667,79.68
"698",2,0.523598775598299,4.78928961660039,8.64183333333333,20.0566666666667,86.5333333333333
"699",3,0.785398163397448,4.69650595781822,9.39591666666667,19.6883333333333,93.7
"700",4,1.0471975511966,4.67556228857583,10.6053166666667,18.95,98.8333333333333
"701",5,1.30899693899575,4.87716602338486,9.2424,18.92,100
"702",6,1.5707963267949,4.94027072039822,7.80271666666667,19.1983333333333,100
"703",7,1.83259571459405,4.82128434622149,7.6077,19.45,100
"704",8,2.0943951023932,4.80617362012414,6.53003333333333,19.52,100
"705",9,2.35619449019234,4.71714974632436,7.34528333333333,20.18,98.9666666666667
"706",10,2.61799387799149,4.63367044207691,7.0507,21.33,89.7833333333333
"707",11,2.87979326579064,4.48890953641156,7.1057,21.9016666666667,84.7166666666667
"708",12,3.14159265358979,4.42948306539159,7.37848333333333,21.9366666666667,82.1366666666667
"709",13,3.40339204138894,4.21479908497642,6.77068333333333,22.1166666666667,77.49
"710",14,3.66519142918809,4.27006646332759,7.2644,21.735,80.7666666666667
"711",15,3.92699081698724,4.21450906790231,7.53925,21.385,83.5833333333333
"712",16,4.18879020478639,4.1740747261727,7.24986666666667,20.815,87.9
"713",17,4.45058959258554,4.32591918635332,6.69703333333333,20.6466666666667,89.3833333333333
"714",18,4.71238898038469,4.47162926251111,6.82356666666667,20.8116666666667,86.15
"715",19,4.97418836818384,4.32213483798572,7.06316666666667,20.3466666666667,90.7333333333333
"716",20,5.23598775598299,4.36283872069281,7.26441666666667,19.6333333333333,94.4833333333333
"717",21,5.49778714378214,4.60737408655754,5.4736,19.5716666666667,96.0833333333333
"718",22,5.75958653158129,5.02004152119302,4.62701666666667,19.6983333333333,95
"719",23,6.02138591938044,4.84322467293912,4.87906666666667,19.5516666666667,94.35
"720",24,6.28318530717959,4.85609109537272,5.0107,19.2233333333333,94.9166666666667
"721",1,0.261799387799149,4.79918590883566,5.08663333333333,19.2066666666667,95.4166666666667
"722",2,0.523598775598299,4.70130961887505,3.91431666666667,19.1566666666667,97.05
"723",3,0.785398163397448,4.84321100436905,3.08371666666667,18.8966666666667,98.3333333333333
"724",4,1.0471975511966,4.94068347187505,3.46843333333333,18.9066666666667,98.9666666666667
"725",5,1.30899693899575,5.00221615599023,3.04525,18.6666666666667,99.8833333333333
"726",6,1.5707963267949,4.9071675757469,2.66188333333333,18.8166666666667,99.5333333333333
"727",7,1.83259571459405,4.95537603968766,2.35298333333333,18.8,99.7
"728",8,2.0943951023932,4.78132345354759,2.90126666666667,19.0933333333333,99.4833333333333
"729",9,2.35619449019234,4.40590203628119,3.11358333333333,19.4116666666667,99.2333333333333
"730",10,2.61799387799149,3.98454422387725,3.29406666666667,19.8833333333333,95.2166666666667
"731",11,2.87979326579064,3.02777779958342,2.69163333333333,19.6766666666667,95.15
"732",12,3.14159265358979,2.66787151039045,4.49101666666667,20.5683333333333,86.7833333333333
"733",13,3.40339204138894,2.37549646883442,6.52588333333333,21.1783333333333,79.4166666666667
"734",14,3.66519142918809,2.23471158467234,7.92716666666667,21.2066666666667,76.0083333333333
"735",15,3.92699081698724,2.27165007250652,8.16265,21.4716666666667,73.1466666666667
"736",16,4.18879020478639,2.22047857563494,8.26221666666667,21.6766666666667,68.18
"737",17,4.45058959258554,2.25857237639978,8.42401666666667,22.0366666666667,64.1033333333333
"738",18,4.71238898038469,2.24606181204562,8.24871666666667,21.72,66.9166666666667
"739",19,4.97418836818384,2.16457737504152,8.07758333333333,20.99,75.9233333333333
"740",20,5.23598775598299,1.89434822726608,7.5849,20.0766666666667,81.4333333333333
"741",21,5.49778714378214,1.86703684564464,7.32558333333333,19.4866666666667,84.3166666666667
"742",22,5.75958653158129,1.91736409725922,6.84535,19.0383333333333,88.0333333333333
"743",23,6.02138591938044,1.75883228644167,7.80166666666667,19.0666666666667,84.9
"744",24,6.28318530717959,1.7303044273125,7.23533333333333,18.5916666666667,86.9333333333333
